dia,Monterrey
2021-11-28 19:00:00,12.6
2021-11-28 20:00:00,13.2
2021-11-28 21:00:00,14.4
2021-11-28 22:00:00,13.85
2021-11-28 23:00:00,13.0
2021-11-29 00:00:00,11.8
2021-11-29 01:00:00,11.2
2021-11-29 02:00:00,13.1
2021-11-29 03:00:00,19.6
2021-11-29 04:00:00,20.75
2021-11-29 05:00:00,19.95
2021-11-29 06:00:00,20.9
2021-11-29 07:00:00,20.75
2021-11-29 08:00:00,20.4
2021-11-29 09:00:00,23.9
2021-11-29 10:00:00,26.35
2021-11-29 11:00:00,30.45
2021-11-29 12:00:00,34.7
2021-11-29 13:00:00,34.6
2021-11-29 14:00:00,32.05
2021-11-29 15:00:00,29.15
2021-11-29 16:00:00,24.6
2021-11-29 17:00:00,19.8
2021-11-29 18:00:00,16.2
2021-11-29 19:00:00,14.0
2021-11-29 20:00:00,12.85
2021-11-29 21:00:00,12.2
2021-11-29 22:00:00,11.85
2021-11-29 23:00:00,10.35
2021-11-30 00:00:00,11.45
2021-11-30 01:00:00,12.95
2021-11-30 02:00:00,13.65
2021-11-30 03:00:00,15.2
2021-11-30 04:00:00,16.3
2021-11-30 05:00:00,16.15
2021-11-30 06:00:00,15.85
2021-11-30 07:00:00,18.0
2021-11-30 08:00:00,20.65
2021-11-30 09:00:00,21.1
2021-11-30 10:00:00,22.45
2021-11-30 11:00:00,28.7
2021-11-30 12:00:00,32.3
2021-11-30 13:00:00,36.45
2021-11-30 14:00:00,37.65
2021-11-30 15:00:00,38.95
2021-11-30 16:00:00,38.35
2021-11-30 17:00:00,35.2
2021-11-30 18:00:00,30.9
2021-11-30 19:00:00,26.6
2021-11-30 20:00:00,24.9
2021-11-30 21:00:00,23.25
2021-11-30 22:00:00,22.45
2021-11-30 23:00:00,21.85
2021-12-01 00:00:00,21.55
2021-12-01 01:00:00,23.1
2021-12-01 02:00:00,24.3
2021-12-01 03:00:00,25.25
2021-12-01 04:00:00,28.45
2021-12-01 05:00:00,30.9
2021-12-01 06:00:00,31.7
2021-12-01 07:00:00,32.3
2021-12-01 08:00:00,31.25
2021-12-01 09:00:00,29.25
2021-12-01 10:00:00,28.85
2021-12-01 11:00:00,33.1
2021-12-01 12:00:00,35.2
2021-12-01 13:00:00,40.8
2021-12-01 14:00:00,41.7
2021-12-01 15:00:00,40.15
2021-12-01 16:00:00,38.3
2021-12-01 17:00:00,37.0
2021-12-01 18:00:00,37.35
2021-12-01 19:00:00,37.6
2021-12-01 20:00:00,39.05
2021-12-01 21:00:00,40.55
2021-12-01 22:00:00,41.25
2021-12-01 23:00:00,41.25
2021-12-02 00:00:00,41.25
2021-12-02 01:00:00,40.65
2021-12-02 02:00:00,40.1
2021-12-02 03:00:00,40.5
2021-12-02 04:00:00,39.95
2021-12-02 05:00:00,39.9
2021-12-02 06:00:00,40.95
2021-12-02 07:00:00,43.15
2021-12-02 08:00:00,45.45
2021-12-02 09:00:00,44.5
2021-12-02 10:00:00,46.65
2021-12-02 11:00:00,46.2
2021-12-02 12:00:00,45.55
2021-12-02 13:00:00,43.0
2021-12-02 14:00:00,41.35
2021-12-02 15:00:00,37.45
2021-12-02 16:00:00,35.95
2021-12-02 17:00:00,33.0
2021-12-02 18:00:00,31.1
2021-12-02 19:00:00,28.55
2021-12-02 20:00:00,26.75
2021-12-02 21:00:00,25.55
2021-12-02 22:00:00,23.15
2021-12-02 23:00:00,21.1
2021-12-03 00:00:00,19.55
2021-12-03 01:00:00,21.65
2021-12-03 02:00:00,25.25
2021-12-03 03:00:00,27.6
2021-12-03 04:00:00,30.2
2021-12-03 05:00:00,27.45
2021-12-03 06:00:00,25.6
2021-12-03 07:00:00,23.3
2021-12-03 08:00:00,26.9
2021-12-03 09:00:00,30.9
2021-12-03 10:00:00,32.75
2021-12-03 11:00:00,31.55
2021-12-03 12:00:00,29.65
2021-12-03 13:00:00,25.5
2021-12-03 14:00:00,27.25
2021-12-03 15:00:00,29.75
2021-12-03 16:00:00,32.5
2021-12-03 17:00:00,33.35
2021-12-03 18:00:00,33.9
2021-12-03 19:00:00,34.35
2021-12-03 20:00:00,34.25
2021-12-03 21:00:00,32.4
2021-12-03 22:00:00,31.8
2021-12-03 23:00:00,31.35
2021-12-04 00:00:00,30.6
2021-12-04 01:00:00,29.8
2021-12-04 02:00:00,28.4
2021-12-04 03:00:00,26.4
2021-12-04 04:00:00,26.0
2021-12-04 05:00:00,26.45
2021-12-04 06:00:00,26.7
2021-12-04 07:00:00,22.35
2021-12-04 08:00:00,17.85
2021-12-04 09:00:00,15.4
2021-12-04 10:00:00,13.4
2021-12-04 11:00:00,13.5
2021-12-04 12:00:00,29.45
2021-12-04 13:00:00,37.0
2021-12-04 14:00:00,35.9
2021-12-04 15:00:00,33.9
2021-12-04 16:00:00,35.4
2021-12-04 17:00:00,41.55
2021-12-04 18:00:00,47.7
2021-12-04 19:00:00,52.85
2021-12-04 20:00:00,49.4
2021-12-04 21:00:00,46.3
2021-12-04 22:00:00,44.7
2021-12-04 23:00:00,42.05
2021-12-05 00:00:00,40.7
2021-12-05 01:00:00,42.6
2021-12-05 02:00:00,41.3
2021-12-05 03:00:00,41.2
2021-12-05 04:00:00,41.65
2021-12-05 05:00:00,42.4
2021-12-05 06:00:00,43.95
2021-12-05 07:00:00,43.3
2021-12-05 08:00:00,43.1
2021-12-05 09:00:00,42.5
2021-12-05 10:00:00,44.1
2021-12-05 11:00:00,45.65
2021-12-05 12:00:00,46.15
2021-12-05 13:00:00,46.8
2021-12-05 14:00:00,49.45
2021-12-05 15:00:00,53.65
2021-12-05 16:00:00,56.6
2021-12-05 17:00:00,58.65
2021-12-05 18:00:00,56.25
2021-12-05 19:00:00,54.2
2021-12-05 20:00:00,52.3
2021-12-05 21:00:00,53.7
2021-12-05 22:00:00,54.75
2021-12-05 23:00:00,53.6
2021-12-06 00:00:00,52.35
2021-12-06 01:00:00,51.25
2021-12-06 02:00:00,48.85
2021-12-06 03:00:00,45.05
2021-12-06 04:00:00,41.6
2021-12-06 05:00:00,37.6
2021-12-06 06:00:00,31.8
2021-12-06 07:00:00,25.8
2021-12-06 08:00:00,21.9
2021-12-06 09:00:00,17.55
2021-12-06 10:00:00,13.85
2021-12-06 11:00:00,13.5
2021-12-06 12:00:00,13.85
2021-12-06 13:00:00,23.8
2021-12-06 14:00:00,25.7
2021-12-06 15:00:00,25.6
2021-12-06 16:00:00,28.15
2021-12-06 17:00:00,29.85
2021-12-06 18:00:00,29.1
2021-12-06 19:00:00,28.2
2021-12-06 20:00:00,27.6
2021-12-06 21:00:00,26.55
2021-12-06 22:00:00,23.55
2021-12-06 23:00:00,20.05
2021-12-07 00:00:00,16.35
2021-12-07 01:00:00,13.0
2021-12-07 02:00:00,10.9
2021-12-07 03:00:00,9.65
2021-12-07 04:00:00,8.45
2021-12-07 05:00:00,7.4
2021-12-07 06:00:00,7.0
2021-12-07 07:00:00,6.95
2021-12-07 08:00:00,6.95
2021-12-07 09:00:00,6.9
2021-12-07 10:00:00,7.45
2021-12-07 11:00:00,8.75
2021-12-07 12:00:00,10.8
2021-12-07 13:00:00,12.6
2021-12-07 14:00:00,15.9
2021-12-07 15:00:00,20.5
2021-12-07 16:00:00,22.3
2021-12-07 17:00:00,24.1
2021-12-07 18:00:00,24.6
2021-12-07 19:00:00,25.15
2021-12-07 20:00:00,24.6
2021-12-07 21:00:00,25.7
2021-12-07 22:00:00,27.2
2021-12-07 23:00:00,29.55
2021-12-08 00:00:00,31.35
2021-12-08 01:00:00,32.15
2021-12-08 02:00:00,32.1
2021-12-08 03:00:00,32.8
2021-12-08 04:00:00,31.05
2021-12-08 05:00:00,29.25
2021-12-08 06:00:00,29.2
2021-12-08 07:00:00,27.15
2021-12-08 08:00:00,25.35
2021-12-08 09:00:00,22.8
2021-12-08 10:00:00,20.25
2021-12-08 11:00:00,26.6
2021-12-08 12:00:00,32.15
2021-12-08 13:00:00,36.6
2021-12-08 14:00:00,37.2
2021-12-08 15:00:00,35.55
2021-12-08 16:00:00,37.7
2021-12-08 17:00:00,41.1
2021-12-08 18:00:00,42.85
2021-12-08 19:00:00,43.3
2021-12-08 20:00:00,44.7
2021-12-08 21:00:00,43.85
2021-12-08 22:00:00,43.35
2021-12-08 23:00:00,42.7
2021-12-09 00:00:00,41.6
2021-12-09 01:00:00,41.0
2021-12-09 02:00:00,39.2
2021-12-09 03:00:00,37.65
2021-12-09 04:00:00,34.6
2021-12-09 05:00:00,33.2
2021-12-09 06:00:00,31.3
2021-12-09 07:00:00,27.4
2021-12-09 08:00:00,22.8
2021-12-09 09:00:00,20.25
2021-12-09 10:00:00,17.4
2021-12-09 11:00:00,12.6
2021-12-09 12:00:00,10.3
2021-12-09 13:00:00,11.1
2021-12-09 14:00:00,13.4
2021-12-09 15:00:00,21.55
2021-12-09 16:00:00,27.5
2021-12-09 17:00:00,29.8
2021-12-09 18:00:00,28.8
2021-12-09 19:00:00,27.2
2021-12-09 20:00:00,26.7
2021-12-09 21:00:00,25.85
2021-12-09 22:00:00,25.85
2021-12-09 23:00:00,27.85
2021-12-10 00:00:00,29.6
2021-12-10 01:00:00,24.2
2021-12-10 02:00:00,19.25
2021-12-10 03:00:00,16.2
2021-12-10 04:00:00,11.75
2021-12-10 05:00:00,8.5
2021-12-10 06:00:00,6.4
2021-12-10 07:00:00,5.7
2021-12-10 08:00:00,4.85
2021-12-10 09:00:00,4.75
2021-12-10 10:00:00,5.1
2021-12-10 11:00:00,6.1
2021-12-10 12:00:00,8.0
2021-12-10 13:00:00,9.25
2021-12-10 14:00:00,11.25
2021-12-10 15:00:00,10.65
2021-12-10 16:00:00,11.0
2021-12-10 17:00:00,11.4
2021-12-10 18:00:00,11.8
2021-12-10 19:00:00,10.55
2021-12-10 20:00:00,13.05
2021-12-10 21:00:00,18.7
2021-12-10 22:00:00,21.75
2021-12-10 23:00:00,20.8
2021-12-11 00:00:00,18.75
2021-12-11 01:00:00,14.35
2021-12-11 02:00:00,10.6
2021-12-11 03:00:00,8.0
2021-12-11 04:00:00,5.8
2021-12-11 05:00:00,4.55
2021-12-11 06:00:00,3.15
2021-12-11 07:00:00,5.2
2021-12-11 08:00:00,7.95
2021-12-11 09:00:00,9.15
2021-12-11 10:00:00,9.15
2021-12-11 11:00:00,7.2
2021-12-11 12:00:00,5.45
2021-12-11 13:00:00,4.05
2021-12-11 14:00:00,3.05
2021-12-11 15:00:00,2.55
2021-12-11 16:00:00,2.25
2021-12-11 17:00:00,3.2
2021-12-11 18:00:00,2.85
2021-12-11 19:00:00,3.55
2021-12-11 20:00:00,3.8
2021-12-11 21:00:00,3.95
2021-12-11 22:00:00,3.6
2021-12-11 23:00:00,4.55
2021-12-12 00:00:00,5.45
2021-12-12 01:00:00,5.45
2021-12-12 02:00:00,4.6
2021-12-12 03:00:00,4.1
2021-12-12 04:00:00,3.6
2021-12-12 05:00:00,4.4
2021-12-12 06:00:00,5.4
2021-12-12 07:00:00,4.75
2021-12-12 08:00:00,5.4
2021-12-12 09:00:00,7.95
2021-12-12 10:00:00,9.1
2021-12-12 11:00:00,9.2
2021-12-12 12:00:00,9.7
2021-12-12 13:00:00,10.5
2021-12-12 14:00:00,10.0
2021-12-12 15:00:00,9.25
2021-12-12 16:00:00,8.65
2021-12-12 17:00:00,8.6
2021-12-12 18:00:00,7.3
2021-12-12 19:00:00,7.0
2021-12-12 20:00:00,7.35
2021-12-12 21:00:00,8.35
2021-12-12 22:00:00,7.65
2021-12-12 23:00:00,8.0
2021-12-13 00:00:00,7.7
2021-12-13 01:00:00,8.1
2021-12-13 02:00:00,7.45
2021-12-13 03:00:00,7.15
2021-12-13 04:00:00,7.0
2021-12-13 05:00:00,6.65
2021-12-13 06:00:00,6.65
2021-12-13 07:00:00,6.45
2021-12-13 08:00:00,7.0
2021-12-13 09:00:00,7.8
2021-12-13 10:00:00,8.4
2021-12-13 11:00:00,11.15
2021-12-13 12:00:00,11.9
2021-12-13 13:00:00,15.0
2021-12-13 14:00:00,25.85
2021-12-13 15:00:00,36.05
2021-12-13 16:00:00,38.45
2021-12-13 17:00:00,38.0
2021-12-13 18:00:00,34.25
2021-12-13 19:00:00,28.2
2021-12-13 20:00:00,23.85
2021-12-13 21:00:00,26.25
2021-12-13 22:00:00,29.4
2021-12-13 23:00:00,28.05
2021-12-14 00:00:00,26.8
2021-12-14 01:00:00,25.75
2021-12-14 02:00:00,24.7
2021-12-14 03:00:00,23.8
2021-12-14 04:00:00,23.65
2021-12-14 05:00:00,24.55
2021-12-14 06:00:00,25.3
2021-12-14 07:00:00,26.45
2021-12-14 08:00:00,26.15
2021-12-14 09:00:00,26.2
2021-12-14 10:00:00,31.1
2021-12-14 11:00:00,38.8
2021-12-14 12:00:00,40.9
2021-12-14 13:00:00,41.8
2021-12-14 14:00:00,42.8
2021-12-14 15:00:00,49.8
2021-12-14 16:00:00,51.15
2021-12-14 17:00:00,47.45
2021-12-14 18:00:00,42.8
2021-12-14 19:00:00,38.5
2021-12-14 20:00:00,34.85
2021-12-14 21:00:00,30.65
2021-12-14 22:00:00,29.1
2021-12-14 23:00:00,30.75
2021-12-15 00:00:00,32.4
2021-12-15 01:00:00,34.95
2021-12-15 02:00:00,35.4
2021-12-15 03:00:00,35.6
2021-12-15 04:00:00,36.5
2021-12-15 05:00:00,37.4
2021-12-15 06:00:00,38.05
2021-12-15 07:00:00,37.95
2021-12-15 08:00:00,36.95
2021-12-15 09:00:00,35.05
2021-12-15 10:00:00,35.75
2021-12-15 11:00:00,40.35
2021-12-15 12:00:00,43.8
2021-12-15 13:00:00,45.75
2021-12-15 14:00:00,48.25
2021-12-15 15:00:00,53.75
2021-12-15 16:00:00,56.5
2021-12-15 17:00:00,54.3
2021-12-15 18:00:00,51.7
2021-12-15 19:00:00,47.15
2021-12-15 20:00:00,52.65
2021-12-15 21:00:00,47.15
2021-12-15 22:00:00,43.75
2021-12-15 23:00:00,42.5
2021-12-16 00:00:00,41.75
2021-12-16 01:00:00,40.45
2021-12-16 02:00:00,40.75
2021-12-16 03:00:00,40.35
2021-12-16 04:00:00,39.3
2021-12-16 05:00:00,35.0
2021-12-16 06:00:00,32.15
2021-12-16 07:00:00,30.8
2021-12-16 08:00:00,31.1
2021-12-16 09:00:00,33.6
2021-12-16 10:00:00,36.45
2021-12-16 11:00:00,38.25
2021-12-16 12:00:00,42.6
2021-12-16 13:00:00,47.5
2021-12-16 14:00:00,48.15
2021-12-16 15:00:00,46.3
2021-12-16 16:00:00,46.2
2021-12-16 17:00:00,42.85
2021-12-16 18:00:00,39.0
2021-12-16 19:00:00,35.75
2021-12-16 20:00:00,33.75
2021-12-16 21:00:00,31.25
2021-12-16 22:00:00,27.65
2021-12-16 23:00:00,25.15
2021-12-17 00:00:00,29.05
2021-12-17 01:00:00,31.5
2021-12-17 02:00:00,32.05
2021-12-17 03:00:00,30.85
2021-12-17 04:00:00,30.7
2021-12-17 05:00:00,32.45
2021-12-17 06:00:00,34.6
2021-12-17 07:00:00,34.85
2021-12-17 08:00:00,35.7
2021-12-17 09:00:00,36.55
2021-12-17 10:00:00,44.7
2021-12-17 11:00:00,49.75
2021-12-17 12:00:00,49.15
2021-12-17 13:00:00,48.8
2021-12-17 14:00:00,50.2
2021-12-17 15:00:00,51.85
2021-12-17 16:00:00,52.65
2021-12-17 17:00:00,55.0
2021-12-17 18:00:00,54.85
2021-12-17 19:00:00,53.05
2021-12-17 20:00:00,50.75
2021-12-17 21:00:00,50.1
2021-12-17 22:00:00,48.75
2021-12-17 23:00:00,48.75
2021-12-18 00:00:00,48.3
2021-12-18 01:00:00,46.1
2021-12-18 02:00:00,43.3
2021-12-18 03:00:00,41.65
2021-12-18 04:00:00,41.9
2021-12-18 05:00:00,41.05
2021-12-18 06:00:00,38.1
2021-12-18 07:00:00,31.7
2021-12-18 08:00:00,26.15
2021-12-18 09:00:00,22.05
2021-12-18 10:00:00,21.2
2021-12-18 11:00:00,24.75
2021-12-18 12:00:00,32.05
2021-12-18 13:00:00,34.85
2021-12-18 14:00:00,33.25
2021-12-18 15:00:00,29.95
2021-12-18 16:00:00,31.25
2021-12-18 17:00:00,32.9
2021-12-18 18:00:00,35.65
2021-12-18 19:00:00,47.2
2021-12-18 20:00:00,43.5
2021-12-18 21:00:00,31.65
2021-12-18 22:00:00,23.5
2021-12-18 23:00:00,18.5
2021-12-19 00:00:00,16.75
2021-12-19 01:00:00,18.7
2021-12-19 02:00:00,21.4
2021-12-19 03:00:00,24.35
2021-12-19 04:00:00,22.35
2021-12-19 05:00:00,20.85
2021-12-19 06:00:00,21.1
2021-12-19 07:00:00,16.4
2021-12-19 08:00:00,13.1
2021-12-19 09:00:00,10.65
2021-12-19 10:00:00,9.8
2021-12-19 11:00:00,10.1
2021-12-19 12:00:00,11.35
2021-12-19 13:00:00,14.15
2021-12-19 14:00:00,20.7
2021-12-19 15:00:00,27.05
2021-12-19 16:00:00,30.35
2021-12-19 17:00:00,30.0
2021-12-19 18:00:00,31.25
2021-12-19 19:00:00,31.15
2021-12-19 20:00:00,28.3
2021-12-19 21:00:00,28.9
2021-12-19 22:00:00,27.6
2021-12-19 23:00:00,27.1
2021-12-20 00:00:00,30.4
2021-12-20 01:00:00,33.05
2021-12-20 02:00:00,31.65
2021-12-20 03:00:00,33.95
2021-12-20 04:00:00,39.3
2021-12-20 05:00:00,44.5
2021-12-20 06:00:00,48.8
2021-12-20 07:00:00,51.4
2021-12-20 08:00:00,49.35
2021-12-20 09:00:00,48.35
2021-12-20 10:00:00,47.95
2021-12-20 11:00:00,48.35
2021-12-20 12:00:00,49.35
2021-12-20 13:00:00,49.55
2021-12-20 14:00:00,46.6
2021-12-20 15:00:00,43.6
2021-12-20 16:00:00,42.0
2021-12-20 17:00:00,43.35
2021-12-20 18:00:00,44.3
2021-12-20 19:00:00,46.3
2021-12-20 20:00:00,48.05
2021-12-20 21:00:00,48.55
2021-12-20 22:00:00,48.65
2021-12-20 23:00:00,47.5
2021-12-21 00:00:00,46.45
2021-12-21 01:00:00,45.7
2021-12-21 02:00:00,44.5
2021-12-21 03:00:00,42.65
2021-12-21 04:00:00,41.1
2021-12-21 05:00:00,37.25
2021-12-21 06:00:00,25.7
2021-12-21 07:00:00,18.9
2021-12-21 08:00:00,15.1
2021-12-21 09:00:00,11.9
2021-12-21 10:00:00,8.95
2021-12-21 11:00:00,7.25
2021-12-21 12:00:00,7.8
2021-12-21 13:00:00,12.3
2021-12-21 14:00:00,21.35
2021-12-21 15:00:00,24.55
2021-12-21 16:00:00,24.6
2021-12-21 17:00:00,19.7
2021-12-21 18:00:00,17.15
2021-12-21 19:00:00,18.0
2021-12-21 20:00:00,18.8
2021-12-21 21:00:00,20.7
2021-12-21 22:00:00,24.65
2021-12-21 23:00:00,23.75
2021-12-22 00:00:00,21.5
2021-12-22 01:00:00,19.0
2021-12-22 02:00:00,18.8
2021-12-22 03:00:00,16.75
2021-12-22 04:00:00,14.55
2021-12-22 05:00:00,11.5
2021-12-22 06:00:00,9.25
2021-12-22 07:00:00,7.35
2021-12-22 08:00:00,5.75
2021-12-22 09:00:00,5.4
2021-12-22 10:00:00,8.6
2021-12-22 11:00:00,10.05
2021-12-22 12:00:00,9.35
2021-12-22 13:00:00,9.7
2021-12-22 14:00:00,11.8
2021-12-22 15:00:00,12.05
2021-12-22 16:00:00,11.35
2021-12-22 17:00:00,9.8
2021-12-22 18:00:00,8.6
2021-12-22 19:00:00,8.45
2021-12-22 20:00:00,7.85
2021-12-22 21:00:00,8.6
2021-12-22 22:00:00,11.2
2021-12-22 23:00:00,11.95
2021-12-23 00:00:00,12.4
2021-12-23 01:00:00,10.85
2021-12-23 02:00:00,13.05
2021-12-23 03:00:00,12.1
2021-12-23 04:00:00,10.95
2021-12-23 05:00:00,8.95
2021-12-23 06:00:00,8.4
2021-12-23 07:00:00,9.25
2021-12-23 08:00:00,7.0
2021-12-23 09:00:00,5.9
2021-12-23 10:00:00,5.1
2021-12-23 11:00:00,4.9
2021-12-23 12:00:00,6.4
2021-12-23 13:00:00,16.2
2021-12-23 14:00:00,27.45
2021-12-23 15:00:00,30.95
2021-12-23 16:00:00,29.65
2021-12-23 17:00:00,28.5
2021-12-23 18:00:00,24.65
2021-12-23 19:00:00,20.95
2021-12-23 20:00:00,18.9
2021-12-23 21:00:00,20.85
2021-12-23 22:00:00,21.85
2021-12-23 23:00:00,21.25
2021-12-24 00:00:00,19.65
2021-12-24 01:00:00,18.15
2021-12-24 02:00:00,17.0
2021-12-24 03:00:00,15.35
2021-12-24 04:00:00,14.35
2021-12-24 05:00:00,14.6
2021-12-24 06:00:00,12.75
2021-12-24 07:00:00,13.5
2021-12-24 08:00:00,16.2
2021-12-24 09:00:00,13.1
2021-12-24 10:00:00,10.25
2021-12-24 11:00:00,8.2
2021-12-24 12:00:00,8.65
2021-12-24 13:00:00,15.1
2021-12-24 14:00:00,28.55
2021-12-24 15:00:00,35.6
2021-12-24 16:00:00,36.95
2021-12-24 17:00:00,35.9
2021-12-24 18:00:00,34.75
2021-12-24 19:00:00,35.0
2021-12-24 20:00:00,35.45
2021-12-24 21:00:00,36.6
2021-12-24 22:00:00,39.85
2021-12-24 23:00:00,43.25
2021-12-25 00:00:00,45.4
2021-12-25 01:00:00,49.55
2021-12-25 02:00:00,47.65
2021-12-25 03:00:00,45.75
2021-12-25 04:00:00,39.55
2021-12-25 05:00:00,36.7
2021-12-25 06:00:00,29.15
2021-12-25 07:00:00,20.0
2021-12-25 08:00:00,13.55
2021-12-25 09:00:00,9.45
2021-12-25 10:00:00,6.35
2021-12-25 11:00:00,4.1
2021-12-25 12:00:00,2.7
2021-12-25 13:00:00,2.95
2021-12-25 14:00:00,5.15
2021-12-25 15:00:00,7.5
2021-12-25 16:00:00,6.95
2021-12-25 17:00:00,10.05
2021-12-25 18:00:00,18.2
2021-12-25 19:00:00,24.25
2021-12-25 20:00:00,28.5
2021-12-25 21:00:00,27.7
2021-12-25 22:00:00,28.1
2021-12-25 23:00:00,28.0
2021-12-26 00:00:00,28.4
2021-12-26 01:00:00,26.8
2021-12-26 02:00:00,26.0
2021-12-26 03:00:00,19.95
2021-12-26 04:00:00,15.95
2021-12-26 05:00:00,13.75
2021-12-26 06:00:00,12.3
2021-12-26 07:00:00,10.95
2021-12-26 08:00:00,10.2
2021-12-26 09:00:00,8.7
2021-12-26 10:00:00,7.25
2021-12-26 11:00:00,7.05
2021-12-26 12:00:00,7.7
2021-12-26 13:00:00,11.15
2021-12-26 14:00:00,26.55
2021-12-26 15:00:00,34.65
2021-12-26 16:00:00,39.15
2021-12-26 17:00:00,40.7
2021-12-26 18:00:00,40.0
2021-12-26 19:00:00,39.0
2021-12-26 20:00:00,36.5
2021-12-26 21:00:00,36.35
2021-12-26 22:00:00,37.45
2021-12-26 23:00:00,37.5
2021-12-27 00:00:00,36.75
2021-12-27 01:00:00,34.0
2021-12-27 02:00:00,32.1
2021-12-27 03:00:00,29.45
2021-12-27 04:00:00,29.35
2021-12-27 05:00:00,26.35
2021-12-27 06:00:00,26.35
2021-12-27 07:00:00,24.7
2021-12-27 08:00:00,24.1
2021-12-27 09:00:00,20.5
2021-12-27 10:00:00,18.0
2021-12-27 11:00:00,19.0
2021-12-27 12:00:00,29.1
2021-12-27 13:00:00,34.1
2021-12-27 14:00:00,39.9
2021-12-27 15:00:00,43.05
2021-12-27 16:00:00,41.6
2021-12-27 17:00:00,40.25
2021-12-27 18:00:00,39.95
2021-12-27 19:00:00,39.4
2021-12-27 20:00:00,40.5
2021-12-27 21:00:00,40.9
2021-12-27 22:00:00,40.85
2021-12-27 23:00:00,40.35
2021-12-28 00:00:00,40.05
2021-12-28 01:00:00,39.7
2021-12-28 02:00:00,39.8
2021-12-28 03:00:00,35.1
2021-12-28 04:00:00,33.75
2021-12-28 05:00:00,29.7
2021-12-28 06:00:00,27.15
2021-12-28 07:00:00,28.5
2021-12-28 08:00:00,24.3
2021-12-28 09:00:00,18.3
2021-12-28 10:00:00,13.4
2021-12-28 11:00:00,9.9
2021-12-28 12:00:00,8.45
2021-12-28 13:00:00,6.65
2021-12-28 14:00:00,7.1
2021-12-28 15:00:00,7.85
2021-12-28 16:00:00,7.35
2021-12-28 17:00:00,6.95
2021-12-28 18:00:00,13.8
2021-12-28 19:00:00,21.6
2021-12-28 20:00:00,26.7
2021-12-28 21:00:00,27.7
2021-12-28 22:00:00,29.5
2021-12-28 23:00:00,30.5
2021-12-29 00:00:00,30.15
2021-12-29 01:00:00,26.1
2021-12-29 02:00:00,23.95
2021-12-29 03:00:00,21.6
2021-12-29 04:00:00,18.15
2021-12-29 05:00:00,13.85
2021-12-29 06:00:00,10.55
2021-12-29 07:00:00,8.8
2021-12-29 08:00:00,8.9
2021-12-29 09:00:00,7.45
2021-12-29 10:00:00,6.4
2021-12-29 11:00:00,6.35
2021-12-29 12:00:00,6.3
2021-12-29 13:00:00,6.3
2021-12-29 14:00:00,6.2
2021-12-29 15:00:00,5.55
2021-12-29 16:00:00,5.05
2021-12-29 17:00:00,5.95
2021-12-29 18:00:00,6.85
2021-12-29 19:00:00,7.55
2021-12-29 20:00:00,8.85
2021-12-29 21:00:00,13.75
2021-12-29 22:00:00,20.75
2021-12-29 23:00:00,22.6
2021-12-30 00:00:00,20.8
2021-12-30 01:00:00,22.5
2021-12-30 02:00:00,21.45
2021-12-30 03:00:00,20.1
2021-12-30 04:00:00,15.45
2021-12-30 05:00:00,12.0
2021-12-30 06:00:00,9.65
2021-12-30 07:00:00,8.1
2021-12-30 08:00:00,7.8
2021-12-30 09:00:00,7.0
2021-12-30 10:00:00,5.95
2021-12-30 11:00:00,5.3
2021-12-30 12:00:00,8.0
2021-12-30 13:00:00,18.8
2021-12-30 14:00:00,22.25
2021-12-30 15:00:00,22.2
2021-12-30 16:00:00,21.75
2021-12-30 17:00:00,18.65
2021-12-30 18:00:00,17.15
2021-12-30 19:00:00,16.0
2021-12-30 20:00:00,16.75
2021-12-30 21:00:00,19.65
2021-12-30 22:00:00,22.45
2021-12-30 23:00:00,24.85
2021-12-31 00:00:00,25.8
2021-12-31 01:00:00,25.55
2021-12-31 02:00:00,25.9
2021-12-31 03:00:00,26.3
2021-12-31 04:00:00,24.4
2021-12-31 05:00:00,21.45
2021-12-31 06:00:00,18.9
2021-12-31 07:00:00,17.6
2021-12-31 08:00:00,15.35
2021-12-31 09:00:00,14.15
2021-12-31 10:00:00,12.9
2021-12-31 11:00:00,13.65
2021-12-31 12:00:00,16.75
2021-12-31 13:00:00,22.4
2021-12-31 14:00:00,26.0
2021-12-31 15:00:00,28.65
2021-12-31 16:00:00,28.95
2021-12-31 17:00:00,23.95
2021-12-31 18:00:00,22.55
2021-12-31 19:00:00,26.3
2021-12-31 20:00:00,31.95
2021-12-31 21:00:00,38.05
2021-12-31 22:00:00,47.85
2021-12-31 23:00:00,55.4
2022-01-01 00:00:00,56.85
2022-01-01 01:00:00,53.0
2022-01-01 02:00:00,47.55
2022-01-01 03:00:00,45.1
2022-01-01 04:00:00,42.0
2022-01-01 05:00:00,37.05
2022-01-01 06:00:00,31.45
2022-01-01 07:00:00,24.8
2022-01-01 08:00:00,15.75
2022-01-01 09:00:00,10.35
2022-01-01 10:00:00,8.1
2022-01-01 11:00:00,5.7
2022-01-01 12:00:00,3.75
2022-01-01 13:00:00,2.75
2022-01-01 14:00:00,1.95
2022-01-01 15:00:00,1.45
2022-01-01 16:00:00,1.05
2022-01-01 17:00:00,0.85
2022-01-01 18:00:00,1.65
2022-01-01 19:00:00,2.25
2022-01-01 20:00:00,5.55
2022-01-01 21:00:00,7.0
2022-01-01 22:00:00,7.55
2022-01-01 23:00:00,9.3
2022-01-02 00:00:00,10.15
2022-01-02 01:00:00,7.55
2022-01-02 02:00:00,5.6
2022-01-02 03:00:00,4.25
2022-01-02 04:00:00,4.1
2022-01-02 05:00:00,4.35
2022-01-02 06:00:00,3.25
2022-01-02 07:00:00,2.75
2022-01-02 08:00:00,3.2
2022-01-02 09:00:00,4.05
2022-01-02 10:00:00,4.75
2022-01-02 11:00:00,5.2
2022-01-02 12:00:00,5.2
2022-01-02 13:00:00,5.05
2022-01-02 14:00:00,5.05
2022-01-02 15:00:00,4.9
2022-01-02 16:00:00,4.55
2022-01-02 17:00:00,4.55
2022-01-02 18:00:00,4.35
2022-01-02 19:00:00,4.6
2022-01-02 20:00:00,4.95
2022-01-02 21:00:00,5.9
2022-01-02 22:00:00,6.55
2022-01-02 23:00:00,6.05
2022-01-03 00:00:00,5.5
2022-01-03 01:00:00,4.4
2022-01-03 02:00:00,3.25
2022-01-03 03:00:00,2.45
2022-01-03 04:00:00,2.05
2022-01-03 05:00:00,1.75
2022-01-03 06:00:00,1.75
2022-01-03 07:00:00,2.55
2022-01-03 08:00:00,2.6
2022-01-03 09:00:00,3.25
2022-01-03 10:00:00,4.95
2022-01-03 11:00:00,4.95
2022-01-03 12:00:00,6.4
2022-01-03 13:00:00,8.6
2022-01-03 14:00:00,8.15
2022-01-03 15:00:00,7.8
2022-01-03 16:00:00,7.35
2022-01-03 17:00:00,6.75
2022-01-03 18:00:00,5.5
2022-01-03 19:00:00,4.9
2022-01-03 20:00:00,5.8
2022-01-03 21:00:00,4.65
2022-01-03 22:00:00,3.85
2022-01-03 23:00:00,3.4
2022-01-04 00:00:00,6.85
2022-01-04 01:00:00,9.35
2022-01-04 02:00:00,9.4
2022-01-04 03:00:00,11.1
2022-01-04 04:00:00,13.0
2022-01-04 05:00:00,14.75
2022-01-04 06:00:00,12.6
2022-01-04 07:00:00,10.25
2022-01-04 08:00:00,11.95
2022-01-04 09:00:00,16.75
2022-01-04 10:00:00,20.4
2022-01-04 11:00:00,22.7
2022-01-04 12:00:00,22.65
2022-01-04 13:00:00,25.5
2022-01-04 14:00:00,30.55
2022-01-04 15:00:00,34.7
2022-01-04 16:00:00,37.65
2022-01-04 17:00:00,36.45
2022-01-04 18:00:00,33.55
2022-01-04 19:00:00,30.8
2022-01-04 20:00:00,27.5
2022-01-04 21:00:00,26.5
2022-01-04 22:00:00,29.15
2022-01-04 23:00:00,31.9
2022-01-05 00:00:00,32.0
2022-01-05 01:00:00,33.8
2022-01-05 02:00:00,39.1
2022-01-05 03:00:00,40.05
2022-01-05 04:00:00,32.75
2022-01-05 05:00:00,25.5
2022-01-05 06:00:00,19.0
2022-01-05 07:00:00,14.15
2022-01-05 08:00:00,10.7
2022-01-05 09:00:00,9.2
2022-01-05 10:00:00,7.8
2022-01-05 11:00:00,6.55
2022-01-05 12:00:00,6.4
2022-01-05 13:00:00,6.6
2022-01-05 14:00:00,9.45
2022-01-05 15:00:00,9.4
2022-01-05 16:00:00,10.3
2022-01-05 17:00:00,10.2
2022-01-05 18:00:00,9.85
2022-01-05 19:00:00,11.05
2022-01-05 20:00:00,11.85
2022-01-05 21:00:00,11.45
2022-01-05 22:00:00,11.9
2022-01-05 23:00:00,12.7
2022-01-06 00:00:00,12.55
2022-01-06 01:00:00,13.9
2022-01-06 02:00:00,12.8
2022-01-06 03:00:00,11.8
2022-01-06 04:00:00,11.8
2022-01-06 05:00:00,12.45
2022-01-06 06:00:00,10.9
2022-01-06 07:00:00,9.7
2022-01-06 08:00:00,10.85
2022-01-06 09:00:00,9.7
2022-01-06 10:00:00,8.85
2022-01-06 11:00:00,8.7
2022-01-06 12:00:00,8.8
2022-01-06 13:00:00,10.1
2022-01-06 14:00:00,16.15
2022-01-06 15:00:00,25.1
2022-01-06 16:00:00,27.2
2022-01-06 17:00:00,24.65
2022-01-06 18:00:00,20.75
2022-01-06 19:00:00,18.75
2022-01-06 20:00:00,19.95
2022-01-06 21:00:00,19.65
2022-01-06 22:00:00,18.95
2022-01-06 23:00:00,19.75
2022-01-07 00:00:00,20.6
2022-01-07 01:00:00,19.6
2022-01-07 02:00:00,20.25
2022-01-07 03:00:00,21.25
2022-01-07 04:00:00,19.0
2022-01-07 05:00:00,18.5
2022-01-07 06:00:00,17.9
2022-01-07 07:00:00,20.15
2022-01-07 08:00:00,19.5
2022-01-07 09:00:00,20.15
2022-01-07 10:00:00,21.3
2022-01-07 11:00:00,26.75
2022-01-07 12:00:00,30.3
2022-01-07 13:00:00,34.1
2022-01-07 14:00:00,39.8
2022-01-07 15:00:00,41.3
2022-01-07 16:00:00,41.65
2022-01-07 17:00:00,43.9
2022-01-07 18:00:00,45.8
2022-01-07 19:00:00,47.15
2022-01-07 20:00:00,47.15
2022-01-07 21:00:00,47.45
2022-01-07 22:00:00,46.95
2022-01-07 23:00:00,45.15
2022-01-08 00:00:00,44.1
2022-01-08 01:00:00,44.35
2022-01-08 02:00:00,44.85
2022-01-08 03:00:00,44.85
2022-01-08 04:00:00,45.25
2022-01-08 05:00:00,45.3
2022-01-08 06:00:00,46.75
2022-01-08 07:00:00,48.35
2022-01-08 08:00:00,51.1
2022-01-08 09:00:00,52.35
2022-01-08 10:00:00,54.3
2022-01-08 11:00:00,56.95
2022-01-08 12:00:00,60.05
2022-01-08 13:00:00,65.9
2022-01-08 14:00:00,66.35
2022-01-08 15:00:00,67.1
2022-01-08 16:00:00,65.2
2022-01-08 17:00:00,59.25
2022-01-08 18:00:00,55.55
2022-01-08 19:00:00,52.6
2022-01-08 20:00:00,51.45
2022-01-08 21:00:00,53.2
2022-01-08 22:00:00,56.55
2022-01-08 23:00:00,57.8
2022-01-09 00:00:00,57.95
2022-01-09 01:00:00,57.3
2022-01-09 02:00:00,56.25
2022-01-09 03:00:00,52.0
2022-01-09 04:00:00,46.4
2022-01-09 05:00:00,42.75
2022-01-09 06:00:00,41.4
2022-01-09 07:00:00,35.8
2022-01-09 08:00:00,31.15
2022-01-09 09:00:00,26.0
2022-01-09 10:00:00,20.6
2022-01-09 11:00:00,17.35
2022-01-09 12:00:00,27.7
2022-01-09 13:00:00,37.95
2022-01-09 14:00:00,39.7
2022-01-09 15:00:00,41.2
2022-01-09 16:00:00,39.05
2022-01-09 17:00:00,32.7
2022-01-09 18:00:00,28.55
2022-01-09 19:00:00,26.75
2022-01-09 20:00:00,25.9
2022-01-09 21:00:00,25.85
2022-01-09 22:00:00,25.15
2022-01-09 23:00:00,23.9
2022-01-10 00:00:00,17.9
2022-01-10 01:00:00,12.45
2022-01-10 02:00:00,8.75
2022-01-10 03:00:00,6.65
2022-01-10 04:00:00,5.6
2022-01-10 05:00:00,4.75
2022-01-10 06:00:00,4.35
2022-01-10 07:00:00,4.15
2022-01-10 08:00:00,4.35
2022-01-10 09:00:00,4.7
2022-01-10 10:00:00,5.0
2022-01-10 11:00:00,6.45
2022-01-10 12:00:00,8.6
2022-01-10 13:00:00,9.05
2022-01-10 14:00:00,10.05
2022-01-10 15:00:00,10.65
2022-01-10 16:00:00,10.5
2022-01-10 17:00:00,10.9
2022-01-10 18:00:00,10.4
2022-01-10 19:00:00,9.9
2022-01-10 20:00:00,7.95
2022-01-10 21:00:00,7.2
2022-01-10 22:00:00,6.3
2022-01-10 23:00:00,6.05
2022-01-11 00:00:00,5.8
2022-01-11 01:00:00,5.9
2022-01-11 02:00:00,6.45
2022-01-11 03:00:00,6.75
2022-01-11 04:00:00,7.15
2022-01-11 05:00:00,7.0
2022-01-11 06:00:00,5.55
2022-01-11 07:00:00,5.8
2022-01-11 08:00:00,6.15
2022-01-11 09:00:00,6.9
2022-01-11 10:00:00,9.05
2022-01-11 11:00:00,10.95
2022-01-11 12:00:00,12.35
2022-01-11 13:00:00,15.75
2022-01-11 14:00:00,19.6
2022-01-11 15:00:00,22.35
2022-01-11 16:00:00,22.55
2022-01-11 17:00:00,19.7
2022-01-11 18:00:00,16.55
2022-01-11 19:00:00,13.2
2022-01-11 20:00:00,10.75
2022-01-11 21:00:00,8.9
2022-01-11 22:00:00,8.15
2022-01-11 23:00:00,7.8
2022-01-12 00:00:00,7.4
2022-01-12 01:00:00,7.6
2022-01-12 02:00:00,8.85
2022-01-12 03:00:00,11.6
2022-01-12 04:00:00,12.65
2022-01-12 05:00:00,12.45
2022-01-12 06:00:00,12.35
2022-01-12 07:00:00,13.45
2022-01-12 08:00:00,14.6
2022-01-12 09:00:00,15.65
2022-01-12 10:00:00,21.15
2022-01-12 11:00:00,25.1
2022-01-12 12:00:00,28.5
2022-01-12 13:00:00,33.45
2022-01-12 14:00:00,37.5
2022-01-12 15:00:00,41.35
2022-01-12 16:00:00,46.3
2022-01-12 17:00:00,43.1
2022-01-12 18:00:00,40.15
2022-01-12 19:00:00,33.15
2022-01-12 20:00:00,30.1
2022-01-12 21:00:00,35.6
2022-01-12 22:00:00,38.55
2022-01-12 23:00:00,41.45
2022-01-13 00:00:00,43.1
2022-01-13 01:00:00,45.1
2022-01-13 02:00:00,46.35
2022-01-13 03:00:00,50.6
2022-01-13 04:00:00,46.25
2022-01-13 05:00:00,42.05
2022-01-13 06:00:00,35.2
2022-01-13 07:00:00,28.5
2022-01-13 08:00:00,24.5
2022-01-13 09:00:00,22.3
2022-01-13 10:00:00,19.3
2022-01-13 11:00:00,19.55
2022-01-13 12:00:00,19.65
2022-01-13 13:00:00,24.2
2022-01-13 14:00:00,30.55
2022-01-13 15:00:00,35.5
2022-01-13 16:00:00,38.7
2022-01-13 17:00:00,38.05
2022-01-13 18:00:00,35.15
2022-01-13 19:00:00,32.4
2022-01-13 20:00:00,27.55
2022-01-13 21:00:00,26.1
2022-01-13 22:00:00,26.35
2022-01-13 23:00:00,27.0
2022-01-14 00:00:00,28.9
2022-01-14 01:00:00,30.25
2022-01-14 02:00:00,31.65
2022-01-14 03:00:00,30.0
2022-01-14 04:00:00,30.2
2022-01-14 05:00:00,32.65
2022-01-14 06:00:00,33.2
2022-01-14 07:00:00,30.55
2022-01-14 08:00:00,25.95
2022-01-14 09:00:00,23.1
2022-01-14 10:00:00,19.65
2022-01-14 11:00:00,19.45
2022-01-14 12:00:00,18.25
2022-01-14 13:00:00,21.7
2022-01-14 14:00:00,30.2
2022-01-14 15:00:00,41.45
2022-01-14 16:00:00,46.45
2022-01-14 17:00:00,43.9
2022-01-14 18:00:00,38.55
2022-01-14 19:00:00,33.05
2022-01-14 20:00:00,33.7
2022-01-14 21:00:00,34.2
2022-01-14 22:00:00,35.75
2022-01-14 23:00:00,37.45
2022-01-15 00:00:00,35.65
2022-01-15 01:00:00,31.3
2022-01-15 02:00:00,24.2
2022-01-15 03:00:00,18.45
2022-01-15 04:00:00,13.6
2022-01-15 05:00:00,10.25
2022-01-15 06:00:00,9.35
2022-01-15 07:00:00,12.65
2022-01-15 08:00:00,12.95
2022-01-15 09:00:00,11.6
2022-01-15 10:00:00,8.6
2022-01-15 11:00:00,6.25
2022-01-15 12:00:00,5.45
2022-01-15 13:00:00,4.35
2022-01-15 14:00:00,3.4
2022-01-15 15:00:00,2.85
2022-01-15 16:00:00,2.35
2022-01-15 17:00:00,2.15
2022-01-15 18:00:00,2.15
2022-01-15 19:00:00,3.15
2022-01-15 20:00:00,5.1
2022-01-15 21:00:00,6.8
2022-01-15 22:00:00,7.25
2022-01-15 23:00:00,7.45
2022-01-16 00:00:00,7.35
2022-01-16 01:00:00,7.35
2022-01-16 02:00:00,6.7
2022-01-16 03:00:00,6.2
2022-01-16 04:00:00,5.95
2022-01-16 05:00:00,5.5
2022-01-16 06:00:00,5.05
2022-01-16 07:00:00,4.6
2022-01-16 08:00:00,4.65
2022-01-16 09:00:00,5.5
2022-01-16 10:00:00,6.0
2022-01-16 11:00:00,5.6
2022-01-16 12:00:00,6.1
2022-01-16 13:00:00,6.5
2022-01-16 14:00:00,7.3
2022-01-16 15:00:00,9.05
2022-01-16 16:00:00,11.05
2022-01-16 17:00:00,11.9
2022-01-16 18:00:00,12.4
2022-01-16 19:00:00,13.7
2022-01-16 20:00:00,15.15
2022-01-16 21:00:00,17.5
2022-01-16 22:00:00,17.25
2022-01-16 23:00:00,18.4
2022-01-17 00:00:00,19.1
2022-01-17 01:00:00,21.65
2022-01-17 02:00:00,22.1
2022-01-17 03:00:00,23.2
2022-01-17 04:00:00,21.45
2022-01-17 05:00:00,16.4
2022-01-17 06:00:00,12.75
2022-01-17 07:00:00,11.75
2022-01-17 08:00:00,11.7
2022-01-17 09:00:00,11.4
2022-01-17 10:00:00,8.05
2022-01-17 11:00:00,7.0
2022-01-17 12:00:00,7.2
2022-01-17 13:00:00,16.2
2022-01-17 14:00:00,23.45
2022-01-17 15:00:00,23.25
2022-01-17 16:00:00,20.9
2022-01-17 17:00:00,16.75
2022-01-17 18:00:00,13.65
2022-01-17 19:00:00,12.0
2022-01-17 20:00:00,11.2
2022-01-17 21:00:00,10.25
2022-01-17 22:00:00,9.8
2022-01-17 23:00:00,10.15
2022-01-18 00:00:00,9.9
2022-01-18 01:00:00,11.45
2022-01-18 02:00:00,12.65
2022-01-18 03:00:00,12.85
2022-01-18 04:00:00,11.8
2022-01-18 05:00:00,10.75
2022-01-18 06:00:00,12.75
2022-01-18 07:00:00,16.55
2022-01-18 08:00:00,16.3
2022-01-18 09:00:00,18.85
2022-01-18 10:00:00,15.65
2022-01-18 11:00:00,17.7
2022-01-18 12:00:00,31.1
2022-01-18 13:00:00,44.3
2022-01-18 14:00:00,49.6
2022-01-18 15:00:00,54.1
2022-01-18 16:00:00,50.6
2022-01-18 17:00:00,44.6
2022-01-18 18:00:00,39.0
2022-01-18 19:00:00,34.75
2022-01-18 20:00:00,32.0
2022-01-18 21:00:00,32.75
2022-01-18 22:00:00,34.4
2022-01-18 23:00:00,35.35
2022-01-19 00:00:00,35.75
2022-01-19 01:00:00,37.5
2022-01-19 02:00:00,36.1
2022-01-19 03:00:00,32.3
2022-01-19 04:00:00,25.65
2022-01-19 05:00:00,20.75
2022-01-19 06:00:00,17.7
2022-01-19 07:00:00,13.4
2022-01-19 08:00:00,10.95
2022-01-19 09:00:00,8.55
2022-01-19 10:00:00,7.05
2022-01-19 11:00:00,9.3
2022-01-19 12:00:00,9.95
2022-01-19 13:00:00,7.1
2022-01-19 14:00:00,4.85
2022-01-19 15:00:00,3.3
2022-01-19 16:00:00,2.35
2022-01-19 17:00:00,1.8
2022-01-19 18:00:00,1.65
2022-01-19 19:00:00,4.1
2022-01-19 20:00:00,6.25
2022-01-19 21:00:00,8.25
2022-01-19 22:00:00,9.85
2022-01-19 23:00:00,10.35
2022-01-20 00:00:00,10.9
2022-01-20 01:00:00,8.75
2022-01-20 02:00:00,6.95
2022-01-20 03:00:00,5.85
2022-01-20 04:00:00,4.95
2022-01-20 05:00:00,4.85
2022-01-20 06:00:00,5.3
2022-01-20 07:00:00,6.1
2022-01-20 08:00:00,7.15
2022-01-20 09:00:00,8.65
2022-01-20 10:00:00,9.65
2022-01-20 11:00:00,10.3
2022-01-20 12:00:00,10.8
2022-01-20 13:00:00,11.35
2022-01-20 14:00:00,11.6
2022-01-20 15:00:00,10.8
2022-01-20 16:00:00,12.45
2022-01-20 17:00:00,11.95
2022-01-20 18:00:00,11.85
2022-01-20 19:00:00,11.55
2022-01-20 20:00:00,10.95
2022-01-20 21:00:00,11.05
2022-01-20 22:00:00,11.5
2022-01-20 23:00:00,10.3
2022-01-21 00:00:00,9.7
2022-01-21 01:00:00,9.05
2022-01-21 02:00:00,8.15
2022-01-21 03:00:00,7.35
2022-01-21 04:00:00,9.1
2022-01-21 05:00:00,13.35
2022-01-21 06:00:00,27.75
2022-01-21 07:00:00,37.5
2022-01-21 08:00:00,40.55
2022-01-21 09:00:00,39.05
2022-01-21 10:00:00,38.85
2022-01-21 11:00:00,45.45
2022-01-21 12:00:00,46.1
2022-01-21 13:00:00,47.85
2022-01-21 14:00:00,50.95
2022-01-21 15:00:00,53.6
2022-01-21 16:00:00,56.9
2022-01-21 17:00:00,58.8
2022-01-21 18:00:00,58.9
2022-01-21 19:00:00,58.75
2022-01-21 20:00:00,59.45
2022-01-21 21:00:00,61.4
2022-01-21 22:00:00,64.6
2022-01-21 23:00:00,68.0
2022-01-22 00:00:00,69.3
2022-01-22 01:00:00,69.35
2022-01-22 02:00:00,70.0
2022-01-22 03:00:00,62.4
2022-01-22 04:00:00,57.8
2022-01-22 05:00:00,54.05
2022-01-22 06:00:00,50.15
2022-01-22 07:00:00,47.8
2022-01-22 08:00:00,46.25
2022-01-22 09:00:00,45.8
2022-01-22 10:00:00,47.4
2022-01-22 11:00:00,52.8
2022-01-22 12:00:00,60.35
2022-01-22 13:00:00,69.9
2022-01-22 14:00:00,
2022-01-22 15:00:00,
2022-01-22 16:00:00,72.4
2022-01-22 17:00:00,65.95
2022-01-22 18:00:00,60.8
2022-01-22 19:00:00,52.8
2022-01-22 20:00:00,46.55
2022-01-22 21:00:00,42.45
2022-01-22 22:00:00,39.35
2022-01-22 23:00:00,37.3
2022-01-23 00:00:00,31.35
2022-01-23 01:00:00,27.5
2022-01-23 02:00:00,24.8
2022-01-23 03:00:00,25.25
2022-01-23 04:00:00,27.55
2022-01-23 05:00:00,30.45
2022-01-23 06:00:00,32.7
2022-01-23 07:00:00,34.0
2022-01-23 08:00:00,33.6
2022-01-23 09:00:00,36.6
2022-01-23 10:00:00,39.95
2022-01-23 11:00:00,42.3
2022-01-23 12:00:00,46.6
2022-01-23 13:00:00,46.85
2022-01-23 14:00:00,46.95
2022-01-23 15:00:00,47.45
2022-01-23 16:00:00,49.85
2022-01-23 17:00:00,55.0
2022-01-23 18:00:00,53.6
2022-01-23 19:00:00,49.95
2022-01-23 20:00:00,48.1
2022-01-23 21:00:00,48.7
2022-01-23 22:00:00,47.8
2022-01-23 23:00:00,45.1
2022-01-24 00:00:00,42.75
2022-01-24 01:00:00,41.0
2022-01-24 02:00:00,40.75
2022-01-24 03:00:00,40.05
2022-01-24 04:00:00,40.15
2022-01-24 05:00:00,48.55
2022-01-24 06:00:00,51.05
2022-01-24 07:00:00,53.4
2022-01-24 08:00:00,54.0
2022-01-24 09:00:00,54.45
2022-01-24 10:00:00,56.15
2022-01-24 11:00:00,57.5
2022-01-24 12:00:00,62.3
2022-01-24 13:00:00,66.55
2022-01-24 14:00:00,
2022-01-24 15:00:00,
2022-01-24 16:00:00,
2022-01-24 17:00:00,
2022-01-24 18:00:00,
2022-01-24 19:00:00,
2022-01-24 20:00:00,
2022-01-24 21:00:00,
2022-01-24 22:00:00,
2022-01-24 23:00:00,66.75
2022-01-25 00:00:00,46.65
2022-01-25 01:00:00,40.25
2022-01-25 02:00:00,34.0
2022-01-25 03:00:00,28.95
2022-01-25 04:00:00,31.75
2022-01-25 05:00:00,34.45
2022-01-25 06:00:00,37.1
2022-01-25 07:00:00,40.35
2022-01-25 08:00:00,41.9
2022-01-25 09:00:00,30.8
2022-01-25 10:00:00,23.7
2022-01-25 11:00:00,24.7
2022-01-25 12:00:00,26.8
2022-01-25 13:00:00,33.95
2022-01-25 14:00:00,33.3
2022-01-25 15:00:00,32.2
2022-01-25 16:00:00,29.5
2022-01-25 17:00:00,26.4
2022-01-25 18:00:00,22.2
2022-01-25 19:00:00,17.95
2022-01-25 20:00:00,14.1
2022-01-25 21:00:00,11.35
2022-01-25 22:00:00,10.1
2022-01-25 23:00:00,10.2
2022-01-26 00:00:00,10.95
2022-01-26 01:00:00,19.8
2022-01-26 02:00:00,27.3
2022-01-26 03:00:00,29.45
2022-01-26 04:00:00,36.75
2022-01-26 05:00:00,42.15
2022-01-26 06:00:00,42.05
2022-01-26 07:00:00,41.35
2022-01-26 08:00:00,42.95
2022-01-26 09:00:00,40.85
2022-01-26 10:00:00,39.85
2022-01-26 11:00:00,39.5
2022-01-26 12:00:00,39.65
2022-01-26 13:00:00,40.2
2022-01-26 14:00:00,36.35
2022-01-26 15:00:00,31.55
2022-01-26 16:00:00,35.25
2022-01-26 17:00:00,36.05
2022-01-26 18:00:00,39.1
2022-01-26 19:00:00,39.1
2022-01-26 20:00:00,32.55
2022-01-26 21:00:00,30.1
2022-01-26 22:00:00,28.6
2022-01-26 23:00:00,26.8
2022-01-27 00:00:00,29.05
2022-01-27 01:00:00,36.15
2022-01-27 02:00:00,38.5
2022-01-27 03:00:00,36.65
2022-01-27 04:00:00,35.15
2022-01-27 05:00:00,32.4
2022-01-27 06:00:00,32.1
2022-01-27 07:00:00,33.2
2022-01-27 08:00:00,28.85
2022-01-27 09:00:00,31.7
2022-01-27 10:00:00,36.9
2022-01-27 11:00:00,38.45
2022-01-27 12:00:00,41.0
2022-01-27 13:00:00,42.0
2022-01-27 14:00:00,42.65
2022-01-27 15:00:00,45.1
2022-01-27 16:00:00,49.05
2022-01-27 17:00:00,49.75
2022-01-27 18:00:00,49.5
2022-01-27 19:00:00,50.5
2022-01-27 20:00:00,48.15
2022-01-27 21:00:00,47.05
2022-01-27 22:00:00,46.4
2022-01-27 23:00:00,45.7
2022-01-28 00:00:00,44.35
2022-01-28 01:00:00,46.8
2022-01-28 02:00:00,46.7
2022-01-28 03:00:00,43.45
2022-01-28 04:00:00,33.0
2022-01-28 05:00:00,22.7
2022-01-28 06:00:00,17.9
2022-01-28 07:00:00,12.55
2022-01-28 08:00:00,11.0
2022-01-28 09:00:00,8.7
2022-01-28 10:00:00,9.7
2022-01-28 11:00:00,9.45
2022-01-28 12:00:00,10.9
2022-01-28 13:00:00,14.45
2022-01-28 14:00:00,19.25
2022-01-28 15:00:00,17.65
2022-01-28 16:00:00,19.95
2022-01-28 17:00:00,27.15
2022-01-28 18:00:00,35.9
2022-01-28 19:00:00,41.1
2022-01-28 20:00:00,43.8
2022-01-28 21:00:00,45.75
2022-01-28 22:00:00,46.55
2022-01-28 23:00:00,47.65
2022-01-29 00:00:00,46.1
2022-01-29 01:00:00,41.0
2022-01-29 02:00:00,32.9
2022-01-29 03:00:00,29.15
2022-01-29 04:00:00,27.6
2022-01-29 05:00:00,27.15
2022-01-29 06:00:00,26.05
2022-01-29 07:00:00,27.0
2022-01-29 08:00:00,28.35
2022-01-29 09:00:00,29.85
2022-01-29 10:00:00,30.55
2022-01-29 11:00:00,26.9
2022-01-29 12:00:00,19.45
2022-01-29 13:00:00,13.5
2022-01-29 14:00:00,10.7
2022-01-29 15:00:00,10.05
2022-01-29 16:00:00,9.9
2022-01-29 17:00:00,9.4
2022-01-29 18:00:00,8.9
2022-01-29 19:00:00,10.85
2022-01-29 20:00:00,13.1
2022-01-29 21:00:00,16.8
2022-01-29 22:00:00,19.5
2022-01-29 23:00:00,19.0
2022-01-30 00:00:00,23.0
2022-01-30 01:00:00,27.5
2022-01-30 02:00:00,32.5
2022-01-30 03:00:00,31.7
2022-01-30 04:00:00,27.65
2022-01-30 05:00:00,26.05
2022-01-30 06:00:00,25.3
2022-01-30 07:00:00,25.85
2022-01-30 08:00:00,22.65
2022-01-30 09:00:00,22.65
2022-01-30 10:00:00,28.3
2022-01-30 11:00:00,31.85
2022-01-30 12:00:00,33.8
2022-01-30 13:00:00,36.75
2022-01-30 14:00:00,42.65
2022-01-30 15:00:00,44.9
2022-01-30 16:00:00,45.65
2022-01-30 17:00:00,41.9
2022-01-30 18:00:00,34.1
2022-01-30 19:00:00,25.65
2022-01-30 20:00:00,20.8
2022-01-30 21:00:00,18.15
2022-01-30 22:00:00,19.65
2022-01-30 23:00:00,21.65
2022-01-31 00:00:00,23.55
2022-01-31 01:00:00,24.1
2022-01-31 02:00:00,23.85
2022-01-31 03:00:00,26.65
2022-01-31 04:00:00,25.9
2022-01-31 05:00:00,25.2
2022-01-31 06:00:00,27.05
2022-01-31 07:00:00,26.65
2022-01-31 08:00:00,28.3
2022-01-31 09:00:00,34.7
2022-01-31 10:00:00,40.55
2022-01-31 11:00:00,43.1
2022-01-31 12:00:00,43.3
2022-01-31 13:00:00,42.95
2022-01-31 14:00:00,41.15
2022-01-31 15:00:00,35.6
2022-01-31 16:00:00,28.55
2022-01-31 17:00:00,23.05
2022-01-31 18:00:00,19.15
2022-01-31 19:00:00,17.05
2022-01-31 20:00:00,17.45
2022-01-31 21:00:00,17.6
2022-01-31 22:00:00,17.7
2022-01-31 23:00:00,17.35
2022-02-01 00:00:00,17.3
2022-02-01 01:00:00,21.65
2022-02-01 02:00:00,23.95
2022-02-01 03:00:00,21.25
2022-02-01 04:00:00,21.9
2022-02-01 05:00:00,22.35
2022-02-01 06:00:00,22.35
2022-02-01 07:00:00,20.55
2022-02-01 08:00:00,19.7
2022-02-01 09:00:00,20.7
2022-02-01 10:00:00,17.3
2022-02-01 11:00:00,18.15
2022-02-01 12:00:00,23.95
2022-02-01 13:00:00,31.5
2022-02-01 14:00:00,32.3
2022-02-01 15:00:00,29.85
2022-02-01 16:00:00,24.75
2022-02-01 17:00:00,20.9
2022-02-01 18:00:00,16.55
2022-02-01 19:00:00,14.6
2022-02-01 20:00:00,12.9
2022-02-01 21:00:00,11.85
2022-02-01 22:00:00,11.1
2022-02-01 23:00:00,11.45
2022-02-02 00:00:00,11.9
2022-02-02 01:00:00,13.5
2022-02-02 02:00:00,19.4
2022-02-02 03:00:00,25.9
2022-02-02 04:00:00,26.95
2022-02-02 05:00:00,27.05
2022-02-02 06:00:00,29.75
2022-02-02 07:00:00,35.9
2022-02-02 08:00:00,35.4
2022-02-02 09:00:00,35.65
2022-02-02 10:00:00,38.45
2022-02-02 11:00:00,42.2
2022-02-02 12:00:00,43.1
2022-02-02 13:00:00,43.15
2022-02-02 14:00:00,44.3
2022-02-02 15:00:00,44.5
2022-02-02 16:00:00,43.5
2022-02-02 17:00:00,40.2
2022-02-02 18:00:00,36.75
2022-02-02 19:00:00,34.85
2022-02-02 20:00:00,35.85
2022-02-02 21:00:00,38.15
2022-02-02 22:00:00,40.8
2022-02-02 23:00:00,42.2
2022-02-03 00:00:00,40.85
2022-02-03 01:00:00,39.65
2022-02-03 02:00:00,38.6
2022-02-03 03:00:00,37.3
2022-02-03 04:00:00,32.75
2022-02-03 05:00:00,28.5
2022-02-03 06:00:00,26.4
2022-02-03 07:00:00,24.85
2022-02-03 08:00:00,24.1
2022-02-03 09:00:00,20.05
2022-02-03 10:00:00,22.95
2022-02-03 11:00:00,27.35
2022-02-03 12:00:00,29.0
2022-02-03 13:00:00,24.85
2022-02-03 14:00:00,29.65
2022-02-03 15:00:00,32.2
2022-02-03 16:00:00,35.3
2022-02-03 17:00:00,34.2
2022-02-03 18:00:00,29.8
2022-02-03 19:00:00,26.1
2022-02-03 20:00:00,22.3
2022-02-03 21:00:00,21.1
2022-02-03 22:00:00,20.1
2022-02-03 23:00:00,19.0
2022-02-04 00:00:00,17.0
2022-02-04 01:00:00,18.15
2022-02-04 02:00:00,24.8
2022-02-04 03:00:00,28.65
2022-02-04 04:00:00,29.5
2022-02-04 05:00:00,32.15
2022-02-04 06:00:00,36.8
2022-02-04 07:00:00,39.35
2022-02-04 08:00:00,42.5
2022-02-04 09:00:00,43.9
2022-02-04 10:00:00,45.2
2022-02-04 11:00:00,46.5
2022-02-04 12:00:00,39.05
2022-02-04 13:00:00,26.1
2022-02-04 14:00:00,16.75
2022-02-04 15:00:00,11.15
2022-02-04 16:00:00,8.35
2022-02-04 17:00:00,8.55
2022-02-04 18:00:00,8.55
2022-02-04 19:00:00,9.6
2022-02-04 20:00:00,10.35
2022-02-04 21:00:00,10.15
2022-02-04 22:00:00,9.25
2022-02-04 23:00:00,8.7
2022-02-05 00:00:00,8.05
2022-02-05 01:00:00,8.25
2022-02-05 02:00:00,7.25
2022-02-05 03:00:00,6.55
2022-02-05 04:00:00,5.75
2022-02-05 05:00:00,5.95
2022-02-05 06:00:00,5.8
2022-02-05 07:00:00,4.6
2022-02-05 08:00:00,4.55
2022-02-05 09:00:00,9.25
2022-02-05 10:00:00,9.1
2022-02-05 11:00:00,12.6
2022-02-05 12:00:00,15.9
2022-02-05 13:00:00,18.85
2022-02-05 14:00:00,19.9
2022-02-05 15:00:00,21.1
2022-02-05 16:00:00,20.55
2022-02-05 17:00:00,18.3
2022-02-05 18:00:00,15.7
2022-02-05 19:00:00,13.15
2022-02-05 20:00:00,11.5
2022-02-05 21:00:00,12.05
2022-02-05 22:00:00,10.5
2022-02-05 23:00:00,8.45
2022-02-06 00:00:00,9.5
2022-02-06 01:00:00,14.9
2022-02-06 02:00:00,19.35
2022-02-06 03:00:00,22.2
2022-02-06 04:00:00,24.05
2022-02-06 05:00:00,26.15
2022-02-06 06:00:00,26.95
2022-02-06 07:00:00,24.75
2022-02-06 08:00:00,22.65
2022-02-06 09:00:00,25.65
2022-02-06 10:00:00,29.85
2022-02-06 11:00:00,31.05
2022-02-06 12:00:00,30.35
2022-02-06 13:00:00,33.55
2022-02-06 14:00:00,38.9
2022-02-06 15:00:00,41.85
2022-02-06 16:00:00,43.55
2022-02-06 17:00:00,45.95
2022-02-06 18:00:00,45.9
2022-02-06 19:00:00,40.35
2022-02-06 20:00:00,36.55
2022-02-06 21:00:00,38.35
2022-02-06 22:00:00,40.45
2022-02-06 23:00:00,42.15
2022-02-07 00:00:00,43.2
2022-02-07 01:00:00,46.1
2022-02-07 02:00:00,47.6
2022-02-07 03:00:00,47.0
2022-02-07 04:00:00,54.85
2022-02-07 05:00:00,63.7
2022-02-07 06:00:00,68.15
2022-02-07 07:00:00,70.8
2022-02-07 08:00:00,69.55
2022-02-07 09:00:00,64.15
2022-02-07 10:00:00,64.1
2022-02-07 11:00:00,62.15
2022-02-07 12:00:00,55.9
2022-02-07 13:00:00,42.65
2022-02-07 14:00:00,30.45
2022-02-07 15:00:00,23.65
2022-02-07 16:00:00,20.4
2022-02-07 17:00:00,18.6
2022-02-07 18:00:00,20.1
2022-02-07 19:00:00,18.95
2022-02-07 20:00:00,16.45
2022-02-07 21:00:00,15.6
2022-02-07 22:00:00,19.15
2022-02-07 23:00:00,19.2
2022-02-08 00:00:00,18.1
2022-02-08 01:00:00,18.6
2022-02-08 02:00:00,18.2
2022-02-08 03:00:00,17.6
2022-02-08 04:00:00,21.3
2022-02-08 05:00:00,20.6
2022-02-08 06:00:00,18.65
2022-02-08 07:00:00,17.0
2022-02-08 08:00:00,14.85
2022-02-08 09:00:00,14.1
2022-02-08 10:00:00,14.0
2022-02-08 11:00:00,13.7
2022-02-08 12:00:00,14.95
2022-02-08 13:00:00,18.9
2022-02-08 14:00:00,23.4
2022-02-08 15:00:00,28.1
2022-02-08 16:00:00,30.6
2022-02-08 17:00:00,30.2
2022-02-08 18:00:00,24.6
2022-02-08 19:00:00,18.8
2022-02-08 20:00:00,15.6
2022-02-08 21:00:00,12.5
2022-02-08 22:00:00,10.6
2022-02-08 23:00:00,10.4
2022-02-09 00:00:00,10.55
2022-02-09 01:00:00,11.8
2022-02-09 02:00:00,13.7
2022-02-09 03:00:00,15.05
2022-02-09 04:00:00,16.9
2022-02-09 05:00:00,23.0
2022-02-09 06:00:00,23.9
2022-02-09 07:00:00,23.95
2022-02-09 08:00:00,23.25
2022-02-09 09:00:00,20.0
2022-02-09 10:00:00,17.8
2022-02-09 11:00:00,17.3
2022-02-09 12:00:00,21.85
2022-02-09 13:00:00,29.25
2022-02-09 14:00:00,29.9
2022-02-09 15:00:00,32.5
2022-02-09 16:00:00,34.95
2022-02-09 17:00:00,33.95
2022-02-09 18:00:00,29.2
2022-02-09 19:00:00,25.4
2022-02-09 20:00:00,22.2
2022-02-09 21:00:00,17.75
2022-02-09 22:00:00,14.0
2022-02-09 23:00:00,13.0
2022-02-10 00:00:00,12.15
2022-02-10 01:00:00,13.55
2022-02-10 02:00:00,16.95
2022-02-10 03:00:00,18.4
2022-02-10 04:00:00,20.3
2022-02-10 05:00:00,23.6
2022-02-10 06:00:00,25.85
2022-02-10 07:00:00,25.75
2022-02-10 08:00:00,26.35
2022-02-10 09:00:00,28.15
2022-02-10 10:00:00,39.05
2022-02-10 11:00:00,42.7
2022-02-10 12:00:00,43.75
2022-02-10 13:00:00,41.1
2022-02-10 14:00:00,41.9
2022-02-10 15:00:00,41.3
2022-02-10 16:00:00,37.9
2022-02-10 17:00:00,35.75
2022-02-10 18:00:00,34.85
2022-02-10 19:00:00,34.25
2022-02-10 20:00:00,32.4
2022-02-10 21:00:00,30.1
2022-02-10 22:00:00,28.5
2022-02-10 23:00:00,27.75
2022-02-11 00:00:00,27.05
2022-02-11 01:00:00,29.9
2022-02-11 02:00:00,35.8
2022-02-11 03:00:00,35.65
2022-02-11 04:00:00,32.1
2022-02-11 05:00:00,30.7
2022-02-11 06:00:00,32.45
2022-02-11 07:00:00,36.25
2022-02-11 08:00:00,39.45
2022-02-11 09:00:00,41.55
2022-02-11 10:00:00,44.15
2022-02-11 11:00:00,45.1
2022-02-11 12:00:00,45.85
2022-02-11 13:00:00,49.05
2022-02-11 14:00:00,58.15
2022-02-11 15:00:00,56.5
2022-02-11 16:00:00,49.7
2022-02-11 17:00:00,41.35
2022-02-11 18:00:00,33.85
2022-02-11 19:00:00,28.1
2022-02-11 20:00:00,23.25
2022-02-11 21:00:00,21.55
2022-02-11 22:00:00,23.45
2022-02-11 23:00:00,25.75
2022-02-12 00:00:00,29.1
2022-02-12 01:00:00,38.0
2022-02-12 02:00:00,39.4
2022-02-12 03:00:00,40.15
2022-02-12 04:00:00,41.45
2022-02-12 05:00:00,48.1
2022-02-12 06:00:00,49.8
2022-02-12 07:00:00,46.0
2022-02-12 08:00:00,40.8
2022-02-12 09:00:00,34.65
2022-02-12 10:00:00,34.85
2022-02-12 11:00:00,39.85
2022-02-12 12:00:00,39.15
2022-02-12 13:00:00,34.55
2022-02-12 14:00:00,26.4
2022-02-12 15:00:00,18.85
2022-02-12 16:00:00,13.75
2022-02-12 17:00:00,10.9
2022-02-12 18:00:00,8.55
2022-02-12 19:00:00,7.05
2022-02-12 20:00:00,6.35
2022-02-12 21:00:00,6.0
2022-02-12 22:00:00,5.6
2022-02-12 23:00:00,5.25
2022-02-13 00:00:00,4.9
2022-02-13 01:00:00,5.8
2022-02-13 02:00:00,7.2
2022-02-13 03:00:00,7.3
2022-02-13 04:00:00,6.6
2022-02-13 05:00:00,6.45
2022-02-13 06:00:00,6.2
2022-02-13 07:00:00,5.75
2022-02-13 08:00:00,9.15
2022-02-13 09:00:00,11.8
2022-02-13 10:00:00,14.15
2022-02-13 11:00:00,16.5
2022-02-13 12:00:00,17.35
2022-02-13 13:00:00,16.1
2022-02-13 14:00:00,15.65
2022-02-13 15:00:00,15.1
2022-02-13 16:00:00,13.85
2022-02-13 17:00:00,12.35
2022-02-13 18:00:00,12.7
2022-02-13 19:00:00,10.65
2022-02-13 20:00:00,8.6
2022-02-13 21:00:00,7.95
2022-02-13 22:00:00,6.3
2022-02-13 23:00:00,8.1
2022-02-14 00:00:00,7.05
2022-02-14 01:00:00,14.8
2022-02-14 02:00:00,17.8
2022-02-14 03:00:00,19.1
2022-02-14 04:00:00,18.5
2022-02-14 05:00:00,20.45
2022-02-14 06:00:00,18.55
2022-02-14 07:00:00,16.05
2022-02-14 08:00:00,16.85
2022-02-14 09:00:00,17.5
2022-02-14 10:00:00,17.5
2022-02-14 11:00:00,19.85
2022-02-14 12:00:00,25.45
2022-02-14 13:00:00,32.95
2022-02-14 14:00:00,35.0
2022-02-14 15:00:00,31.05
2022-02-14 16:00:00,28.25
2022-02-14 17:00:00,21.55
2022-02-14 18:00:00,15.55
2022-02-14 19:00:00,11.85
2022-02-14 20:00:00,10.15
2022-02-14 21:00:00,9.15
2022-02-14 22:00:00,9.35
2022-02-14 23:00:00,10.1
2022-02-15 00:00:00,11.35
2022-02-15 01:00:00,11.75
2022-02-15 02:00:00,12.95
2022-02-15 03:00:00,13.55
2022-02-15 04:00:00,15.2
2022-02-15 05:00:00,14.05
2022-02-15 06:00:00,14.55
2022-02-15 07:00:00,20.15
2022-02-15 08:00:00,24.15
2022-02-15 09:00:00,26.75
2022-02-15 10:00:00,29.3
2022-02-15 11:00:00,32.4
2022-02-15 12:00:00,43.0
2022-02-15 13:00:00,48.95
2022-02-15 14:00:00,48.6
2022-02-15 15:00:00,41.55
2022-02-15 16:00:00,34.5
2022-02-15 17:00:00,27.2
2022-02-15 18:00:00,20.95
2022-02-15 19:00:00,17.05
2022-02-15 20:00:00,14.5
2022-02-15 21:00:00,14.5
2022-02-15 22:00:00,15.85
2022-02-15 23:00:00,15.5
2022-02-16 00:00:00,18.35
2022-02-16 01:00:00,18.85
2022-02-16 02:00:00,19.4
2022-02-16 03:00:00,20.8
2022-02-16 04:00:00,23.8
2022-02-16 05:00:00,27.35
2022-02-16 06:00:00,30.45
2022-02-16 07:00:00,31.8
2022-02-16 08:00:00,34.95
2022-02-16 09:00:00,40.05
2022-02-16 10:00:00,49.05
2022-02-16 11:00:00,53.35
2022-02-16 12:00:00,53.3
2022-02-16 13:00:00,56.4
2022-02-16 14:00:00,56.7
2022-02-16 15:00:00,52.1
2022-02-16 16:00:00,44.7
2022-02-16 17:00:00,36.55
2022-02-16 18:00:00,29.4
2022-02-16 19:00:00,24.3
2022-02-16 20:00:00,21.45
2022-02-16 21:00:00,20.45
2022-02-16 22:00:00,21.3
2022-02-16 23:00:00,22.15
2022-02-17 00:00:00,22.5
2022-02-17 01:00:00,24.45
2022-02-17 02:00:00,27.6
2022-02-17 03:00:00,29.7
2022-02-17 04:00:00,30.65
2022-02-17 05:00:00,29.45
2022-02-17 06:00:00,28.1
2022-02-17 07:00:00,26.3
2022-02-17 08:00:00,24.75
2022-02-17 09:00:00,21.05
2022-02-17 10:00:00,18.35
2022-02-17 11:00:00,16.25
2022-02-17 12:00:00,14.15
2022-02-17 13:00:00,12.8
2022-02-17 14:00:00,11.3
2022-02-17 15:00:00,10.2
2022-02-17 16:00:00,9.7
2022-02-17 17:00:00,9.35
2022-02-17 18:00:00,8.9
2022-02-17 19:00:00,8.3
2022-02-17 20:00:00,7.2
2022-02-17 21:00:00,6.2
2022-02-17 22:00:00,5.35
2022-02-17 23:00:00,5.1
2022-02-18 00:00:00,3.85
2022-02-18 01:00:00,4.4
2022-02-18 02:00:00,4.9
2022-02-18 03:00:00,5.35
2022-02-18 04:00:00,5.15
2022-02-18 05:00:00,5.45
2022-02-18 06:00:00,5.85
2022-02-18 07:00:00,6.15
2022-02-18 08:00:00,7.05
2022-02-18 09:00:00,8.3
2022-02-18 10:00:00,10.25
2022-02-18 11:00:00,12.65
2022-02-18 12:00:00,12.8
2022-02-18 13:00:00,11.4
2022-02-18 14:00:00,10.25
2022-02-18 15:00:00,10.55
2022-02-18 16:00:00,11.1
2022-02-18 17:00:00,11.85
2022-02-18 18:00:00,11.95
2022-02-18 19:00:00,10.8
2022-02-18 20:00:00,8.75
2022-02-18 21:00:00,7.1
2022-02-18 22:00:00,6.1
2022-02-18 23:00:00,5.6
2022-02-19 00:00:00,4.6
2022-02-19 01:00:00,4.0
2022-02-19 02:00:00,3.15
2022-02-19 03:00:00,2.75
2022-02-19 04:00:00,2.65
2022-02-19 05:00:00,6.6
2022-02-19 06:00:00,10.2
2022-02-19 07:00:00,11.25
2022-02-19 08:00:00,12.25
2022-02-19 09:00:00,15.65
2022-02-19 10:00:00,20.95
2022-02-19 11:00:00,22.65
2022-02-19 12:00:00,20.35
2022-02-19 13:00:00,17.3
2022-02-19 14:00:00,15.15
2022-02-19 15:00:00,13.95
2022-02-19 16:00:00,12.85
2022-02-19 17:00:00,10.9
2022-02-19 18:00:00,9.4
2022-02-19 19:00:00,8.7
2022-02-19 20:00:00,7.7
2022-02-19 21:00:00,7.4
2022-02-19 22:00:00,7.05
2022-02-19 23:00:00,6.95
2022-02-20 00:00:00,8.0
2022-02-20 01:00:00,8.05
2022-02-20 02:00:00,8.65
2022-02-20 03:00:00,10.55
2022-02-20 04:00:00,16.35
2022-02-20 05:00:00,23.7
2022-02-20 06:00:00,21.8
2022-02-20 07:00:00,22.05
2022-02-20 08:00:00,21.35
2022-02-20 09:00:00,22.65
2022-02-20 10:00:00,25.9
2022-02-20 11:00:00,29.05
2022-02-20 12:00:00,32.95
2022-02-20 13:00:00,36.05
2022-02-20 14:00:00,38.95
2022-02-20 15:00:00,38.25
2022-02-20 16:00:00,33.3
2022-02-20 17:00:00,27.7
2022-02-20 18:00:00,23.8
2022-02-20 19:00:00,21.05
2022-02-20 20:00:00,20.3
2022-02-20 21:00:00,21.05
2022-02-20 22:00:00,21.55
2022-02-20 23:00:00,21.1
2022-02-21 00:00:00,21.3
2022-02-21 01:00:00,22.5
2022-02-21 02:00:00,22.5
2022-02-21 03:00:00,22.55
2022-02-21 04:00:00,21.5
2022-02-21 05:00:00,20.1
2022-02-21 06:00:00,18.75
2022-02-21 07:00:00,20.25
2022-02-21 08:00:00,19.7
2022-02-21 09:00:00,20.35
2022-02-21 10:00:00,23.0
2022-02-21 11:00:00,23.45
2022-02-21 12:00:00,29.15
2022-02-21 13:00:00,34.15
2022-02-21 14:00:00,34.3
2022-02-21 15:00:00,31.6
2022-02-21 16:00:00,26.2
2022-02-21 17:00:00,20.5
2022-02-21 18:00:00,15.35
2022-02-21 19:00:00,13.15
2022-02-21 20:00:00,12.9
2022-02-21 21:00:00,13.5
2022-02-21 22:00:00,13.75
2022-02-21 23:00:00,13.25
2022-02-22 00:00:00,14.0
2022-02-22 01:00:00,13.85
2022-02-22 02:00:00,13.0
2022-02-22 03:00:00,13.15
2022-02-22 04:00:00,12.15
2022-02-22 05:00:00,19.2
2022-02-22 06:00:00,23.7
2022-02-22 07:00:00,23.85
2022-02-22 08:00:00,20.85
2022-02-22 09:00:00,17.15
2022-02-22 10:00:00,13.95
2022-02-22 11:00:00,11.15
2022-02-22 12:00:00,8.75
2022-02-22 13:00:00,8.5
2022-02-22 14:00:00,7.85
2022-02-22 15:00:00,9.2
2022-02-22 16:00:00,10.3
2022-02-22 17:00:00,11.05
2022-02-22 18:00:00,11.5
2022-02-22 19:00:00,13.15
2022-02-22 20:00:00,13.85
2022-02-22 21:00:00,14.9
2022-02-22 22:00:00,16.15
2022-02-22 23:00:00,17.25
2022-02-23 00:00:00,19.0
2022-02-23 01:00:00,20.0
2022-02-23 02:00:00,20.9
2022-02-23 03:00:00,25.1
2022-02-23 04:00:00,28.95
2022-02-23 05:00:00,29.7
2022-02-23 06:00:00,29.15
2022-02-23 07:00:00,32.0
2022-02-23 08:00:00,39.75
2022-02-23 09:00:00,52.15
2022-02-23 10:00:00,
2022-02-23 11:00:00,
2022-02-23 12:00:00,51.8
2022-02-23 13:00:00,48.35
2022-02-23 14:00:00,44.5
2022-02-23 15:00:00,40.35
2022-02-23 16:00:00,38.25
2022-02-23 17:00:00,
2022-02-23 18:00:00,33.9
2022-02-23 19:00:00,31.75
2022-02-23 20:00:00,31.45
2022-02-23 21:00:00,30.85
2022-02-23 22:00:00,30.35
2022-02-23 23:00:00,28.1
2022-02-24 00:00:00,25.25
2022-02-24 01:00:00,24.0
2022-02-24 02:00:00,25.9
2022-02-24 03:00:00,27.9
2022-02-24 04:00:00,31.15
2022-02-24 05:00:00,35.4
2022-02-24 06:00:00,38.75
2022-02-24 07:00:00,42.35
2022-02-24 08:00:00,46.55
2022-02-24 09:00:00,48.45
2022-02-24 10:00:00,49.0
2022-02-24 11:00:00,49.45
2022-02-24 12:00:00,50.4
2022-02-24 13:00:00,51.5
2022-02-24 14:00:00,54.85
2022-02-24 15:00:00,57.9
2022-02-24 16:00:00,56.2
2022-02-24 17:00:00,53.8
2022-02-24 18:00:00,48.0
2022-02-24 19:00:00,40.55
2022-02-24 20:00:00,36.95
2022-02-24 21:00:00,34.0
2022-02-24 22:00:00,30.7
2022-02-24 23:00:00,29.35
2022-02-25 00:00:00,28.6
2022-02-25 01:00:00,26.25
2022-02-25 02:00:00,24.45
2022-02-25 03:00:00,24.85
2022-02-25 04:00:00,23.25
2022-02-25 05:00:00,21.7
2022-02-25 06:00:00,23.05
2022-02-25 07:00:00,22.9
2022-02-25 08:00:00,25.8
2022-02-25 09:00:00,28.7
2022-02-25 10:00:00,33.9
2022-02-25 11:00:00,35.0
2022-02-25 12:00:00,35.15
2022-02-25 13:00:00,34.9
2022-02-25 14:00:00,34.2
2022-02-25 15:00:00,34.6
2022-02-25 16:00:00,40.9
2022-02-25 17:00:00,43.9
2022-02-25 18:00:00,45.0
2022-02-25 19:00:00,45.0
2022-02-25 20:00:00,43.9
2022-02-25 21:00:00,44.95
2022-02-25 22:00:00,49.2
2022-02-25 23:00:00,49.8
2022-02-26 00:00:00,50.1
2022-02-26 01:00:00,47.1
2022-02-26 02:00:00,42.1
2022-02-26 03:00:00,39.2
2022-02-26 04:00:00,44.2
2022-02-26 05:00:00,49.45
2022-02-26 06:00:00,51.3
2022-02-26 07:00:00,51.9
2022-02-26 08:00:00,53.95
2022-02-26 09:00:00,58.15
2022-02-26 10:00:00,61.0
2022-02-26 11:00:00,65.4
2022-02-26 12:00:00,71.9
2022-02-26 13:00:00,77.3
2022-02-26 14:00:00,76.75
2022-02-26 15:00:00,76.75
2022-02-26 16:00:00,
2022-02-26 17:00:00,
2022-02-26 18:00:00,
2022-02-26 19:00:00,92.65
2022-02-26 20:00:00,92.65
2022-02-26 21:00:00,88.35
2022-02-26 22:00:00,78.45
2022-02-26 23:00:00,83.1
2022-02-27 00:00:00,80.05
2022-02-27 01:00:00,70.35
2022-02-27 02:00:00,65.05
2022-02-27 03:00:00,60.1
2022-02-27 04:00:00,54.25
2022-02-27 05:00:00,50.9
2022-02-27 06:00:00,50.95
2022-02-27 07:00:00,48.3
2022-02-27 08:00:00,46.6
2022-02-27 09:00:00,43.9
2022-02-27 10:00:00,40.45
2022-02-27 11:00:00,39.15
2022-02-27 12:00:00,40.55
2022-02-27 13:00:00,41.55
2022-02-27 14:00:00,42.4
2022-02-27 15:00:00,40.95
2022-02-27 16:00:00,37.8
2022-02-27 17:00:00,32.55
2022-02-27 18:00:00,27.55
2022-02-27 19:00:00,21.15
2022-02-27 20:00:00,16.75
2022-02-27 21:00:00,15.05
2022-02-27 22:00:00,16.95
2022-02-27 23:00:00,17.05
2022-02-28 00:00:00,18.25
2022-02-28 01:00:00,17.8
2022-02-28 02:00:00,16.7
2022-02-28 03:00:00,16.35
2022-02-28 04:00:00,15.25
2022-02-28 05:00:00,19.95
2022-02-28 06:00:00,18.35
2022-02-28 07:00:00,17.95
2022-02-28 08:00:00,18.45
2022-02-28 09:00:00,21.8
2022-02-28 10:00:00,21.85
2022-02-28 11:00:00,26.4
2022-02-28 12:00:00,27.6
2022-02-28 13:00:00,27.05
2022-02-28 14:00:00,22.8
2022-02-28 15:00:00,18.6
2022-02-28 16:00:00,15.05
2022-02-28 17:00:00,11.95
2022-02-28 18:00:00,9.6
2022-02-28 19:00:00,8.1
2022-02-28 20:00:00,7.4
2022-02-28 21:00:00,7.4
2022-02-28 22:00:00,6.85
2022-02-28 23:00:00,6.15
2022-03-01 00:00:00,6.05
2022-03-01 01:00:00,5.85
2022-03-01 02:00:00,5.9
2022-03-01 03:00:00,6.45
2022-03-01 04:00:00,11.15
2022-03-01 05:00:00,13.4
2022-03-01 06:00:00,13.9
2022-03-01 07:00:00,17.15
2022-03-01 08:00:00,17.15
2022-03-01 09:00:00,23.85
2022-03-01 10:00:00,28.2
2022-03-01 11:00:00,36.6
2022-03-01 12:00:00,40.75
2022-03-01 13:00:00,37.85
2022-03-01 14:00:00,30.95
2022-03-01 15:00:00,25.55
2022-03-01 16:00:00,21.0
2022-03-01 17:00:00,18.15
2022-03-01 18:00:00,15.95
2022-03-01 19:00:00,14.9
2022-03-01 20:00:00,14.05
2022-03-01 21:00:00,13.65
2022-03-01 22:00:00,12.8
2022-03-01 23:00:00,13.25
